hip_y,head_y,spine_angle,body_height,hip_velocity,head_velocity,visibility,label
0.6579,0.2178,1.23,0.8545,-0.0902,-0.1101,1.0,0
0.6532,0.219,1.58,0.8522,-0.1422,0.0359,1.0,0
0.659,0.2212,1.23,0.8404,0.1766,0.0654,1.0,0
0.6527,0.2231,1.59,0.8164,-0.1914,0.058,1.0,0
0.6577,0.2247,1.61,0.8462,0.1527,0.0478,1.0,0
0.6536,0.2198,1.66,0.8358,-0.1232,-0.147,1.0,0
0.6522,0.2162,1.19,0.8258,-0.0412,-0.1104,1.0,0
0.6578,0.2167,1.05,0.8517,0.1684,0.0151,1.0,0
0.6576,0.2154,0.82,0.8528,-0.0052,-0.0391,1.0,0
0.6607,0.2119,0.99,0.8678,0.0945,-0.1066,1.0,0
0.6599,0.2166,1.17,0.8626,-0.0244,0.1415,1.0,0
0.6584,0.2156,0.84,0.8672,-0.0463,-0.0317,0.999,0
0.6594,0.2171,0.93,0.8621,0.0305,0.045,0.999,0
0.6621,0.2135,0.83,0.8669,0.0806,-0.1078,1.0,0
0.6623,0.2162,1.05,0.8686,0.0061,0.0816,0.999,0
0.6619,0.2128,0.8,0.8769,-0.0128,-0.102,0.999,0
0.6627,0.2113,0.76,0.878,0.0236,-0.0464,0.999,0
0.6624,0.2109,0.77,0.8747,-0.0078,-0.0134,0.999,0
0.6629,0.2083,0.54,0.8723,0.0148,-0.0795,1.0,0
0.6618,0.2072,0.32,0.8689,-0.0339,-0.034,1.0,0
0.6619,0.2075,0.76,0.8652,0.0025,0.008,1.0,0
0.6673,0.2067,0.46,0.8669,0.1641,-0.0242,1.0,0
0.6629,0.2039,0.48,0.879,-0.1337,-0.086,1.0,0
0.665,0.207,0.6,0.8777,0.0623,0.0937,1.0,0
0.6601,0.2051,0.68,0.8765,-0.1491,-0.0561,1.0,0
0.6611,0.2066,0.63,0.8761,0.0316,0.044,1.0,0
0.6628,0.2067,0.84,0.88,0.0511,0.0035,1.0,0
0.6549,0.2053,0.72,0.8658,-0.2387,-0.0435,1.0,0
0.6597,0.2064,0.62,0.873,0.1469,0.0342,1.0,0
0.6613,0.2054,0.93,0.8712,0.0474,-0.0296,1.0,0
0.6632,0.2051,1.26,0.8856,0.0583,-0.0089,1.0,0
0.6613,0.2075,0.99,0.8788,-0.0574,0.0727,1.0,0
0.6639,0.2075,1.06,0.8791,0.0793,-0.0009,1.0,0
0.6596,0.2075,0.96,0.8723,-0.1308,-0.0003,1.0,0
0.6629,0.2092,0.93,0.8737,0.0993,0.0517,1.0,0
0.6635,0.2099,0.93,0.8716,0.0179,0.0223,1.0,0
0.6635,0.2053,1.3,0.8637,0.0013,-0.1381,1.0,0
0.6674,0.2069,1.24,0.8748,0.118,0.0487,1.0,0
0.6673,0.2082,1.22,0.8738,-0.0044,0.0396,1.0,0
0.6705,0.2062,1.5,0.8893,0.097,-0.0595,1.0,0
0.669,0.2053,1.63,0.8875,-0.0459,-0.0266,1.0,0
0.6688,0.2079,1.49,0.8839,-0.0054,0.0788,0.999,0
0.6693,0.2061,1.44,0.8923,0.0147,-0.055,0.999,0
0.6697,0.2051,1.4,0.8886,0.0136,-0.0314,0.999,0
0.6677,0.2022,1.71,0.8885,-0.0603,-0.0887,0.999,0
0.6693,0.2019,1.63,0.8967,0.0489,-0.0088,0.999,0
0.6679,0.1986,1.84,0.8902,-0.0426,-0.0991,0.999,0
0.6717,0.2004,2.05,0.8899,0.1155,0.0537,0.999,0
0.6705,0.2012,1.97,0.8833,-0.0369,0.0256,1.0,0
0.6682,0.2041,1.57,0.8888,-0.0708,0.0871,1.0,0
0.6703,0.2047,1.45,0.8863,0.0642,0.0191,1.0,0
0.6682,0.2047,1.31,0.8894,-0.0638,-0.0001,0.999,0
0.6687,0.2043,1.57,0.8887,0.0163,-0.0129,1.0,0
0.6689,0.2031,1.7,0.8776,0.0049,-0.0378,0.999,0
0.6689,0.2042,1.64,0.8822,0.0012,0.0342,0.999,0
0.6684,0.2048,1.74,0.8843,-0.0149,0.0184,1.0,0
0.6708,0.2051,1.71,0.8838,0.0721,0.0094,1.0,0
0.6674,0.2033,1.67,0.8792,-0.103,-0.0545,0.999,0
0.6684,0.2002,1.99,0.8967,0.0288,-0.0951,0.999,0
0.6652,0.2023,1.6,0.8876,-0.0963,0.0651,0.999,0
0.6695,0.2048,1.69,0.8935,0.1289,0.0744,0.999,0
0.671,0.2042,1.47,0.885,0.0467,-0.0173,1.0,0
0.6697,0.204,1.61,0.8817,-0.0388,-0.005,0.999,0
0.6684,0.2063,1.52,0.8906,-0.0405,0.0686,0.999,0
0.6688,0.2028,1.66,0.8911,0.0124,-0.1055,0.999,0
0.6681,0.2032,1.68,0.8916,-0.0219,0.0132,0.999,0
0.6671,0.2059,2.23,0.8907,-0.0303,0.0821,0.999,0
0.6706,0.2052,1.89,0.9067,0.1058,-0.0214,0.999,0
0.6691,0.2056,2.06,0.8822,-0.0452,0.0113,0.999,0
0.6677,0.2059,1.84,0.8937,-0.0435,0.0095,0.999,0
0.6696,0.2052,1.78,0.8838,0.0587,-0.0204,0.999,0
0.6699,0.2041,1.73,0.884,0.0077,-0.0333,0.999,0
0.6677,0.2044,1.43,0.877,-0.0657,0.009,1.0,0
0.6698,0.2045,1.55,0.8885,0.0638,0.0041,1.0,0
0.6703,0.2033,1.14,0.8954,0.0156,-0.0367,1.0,0
0.6704,0.2035,1.4,0.8892,0.0041,0.0072,1.0,0
0.6691,0.2032,1.09,0.8976,-0.0393,-0.0093,1.0,0
0.6716,0.2017,1.24,0.8948,0.0763,-0.0442,1.0,0
0.6696,0.2022,1.23,0.8901,-0.0596,0.0157,1.0,0
0.6713,0.2012,1.21,0.9035,0.0501,-0.0294,1.0,0
0.6694,0.205,1.12,0.8975,-0.0579,0.1161,1.0,0
0.668,0.2028,1.07,0.8949,-0.043,-0.066,1.0,0
0.6697,0.2035,1.39,0.8978,0.0523,0.0209,0.999,0
0.6673,0.2072,1.8,0.893,-0.0725,0.1126,0.999,0
0.6674,0.2049,1.87,0.9017,0.0026,-0.071,0.999,0
0.6702,0.2068,2.0,0.9038,0.0849,0.0585,0.999,0
0.6728,0.2062,1.56,0.8958,0.0785,-0.0169,0.999,0
0.673,0.2061,1.7,0.8962,0.0072,-0.0031,0.999,0
0.6724,0.2065,1.92,0.8873,-0.0171,0.0112,0.999,0
0.6665,0.2045,1.86,0.8922,-0.1802,-0.0612,0.999,0
0.6672,0.2061,2.25,0.8907,0.0208,0.0473,0.999,0
0.6743,0.2053,1.69,0.8871,0.2163,-0.024,1.0,0
0.6702,0.2054,1.68,0.8793,-0.1228,0.0025,1.0,0
0.672,0.2041,1.58,0.8848,0.0556,-0.0395,1.0,0
0.6752,0.2035,1.72,0.8894,0.0967,-0.0196,1.0,0
0.6699,0.205,1.81,0.8834,-0.1611,0.0456,1.0,0
0.6672,0.1996,1.94,0.8969,-0.081,-0.1624,1.0,0
0.6709,0.2028,1.76,0.8947,0.1118,0.0964,0.999,0
0.6726,0.1986,1.71,0.9131,0.0509,-0.1263,0.999,0
0.6713,0.2014,2.02,0.9172,-0.0396,0.0849,0.999,0
0.6675,0.2005,2.05,0.9234,-0.1148,-0.0262,0.998,0
0.6733,0.2019,2.13,0.9216,0.1749,0.0428,0.999,0
0.6664,0.2009,2.01,0.9086,-0.2101,-0.0313,0.998,0
0.6664,0.1987,2.1,0.905,-0.0008,-0.0652,0.999,0
0.6675,0.2044,1.87,0.8776,0.0348,0.1716,1.0,0
0.6634,0.2046,2.19,0.8683,-0.1247,0.0059,1.0,0
0.6647,0.2071,2.16,0.8867,0.0382,0.0757,1.0,0
0.6635,0.2076,2.3,0.8887,-0.0373,0.0158,0.999,0
0.6681,0.1992,2.03,0.9038,0.1396,-0.2545,1.0,0
0.6675,0.2053,2.08,0.8999,-0.0168,0.1833,1.0,0
0.665,0.2055,2.09,0.8923,-0.0756,0.0055,0.999,0
0.6615,0.2014,1.77,0.8715,-0.1074,-0.1231,1.0,0
0.6545,0.2027,1.96,0.8817,-0.2124,0.04,0.999,0
0.6578,0.1975,2.3,0.8995,0.1002,-0.1587,0.999,0
0.6645,0.2087,2.39,0.8836,0.2023,0.3409,1.0,0
0.6636,0.2066,2.33,0.8706,-0.0281,-0.0645,1.0,0
0.6648,0.2034,1.97,0.8888,0.0364,-0.0962,0.999,0
0.6649,0.2062,2.28,0.8936,0.0035,0.0836,0.999,0
0.6645,0.2067,2.41,0.9086,-0.0112,0.0137,0.998,0
0.6692,0.2061,2.24,0.9278,0.1439,-0.019,0.999,0
0.666,0.2045,2.47,0.9186,-0.0982,-0.0473,0.998,0
0.6662,0.2069,2.69,0.9028,0.0071,0.0728,0.998,0
0.6632,0.2045,2.53,0.9057,-0.0921,-0.0722,0.998,0
0.6638,0.2052,2.52,0.9159,0.0192,0.0197,0.997,0
0.6607,0.2048,2.73,0.9062,-0.0926,-0.0121,0.999,0
0.6663,0.2037,2.61,0.921,0.1696,-0.0324,0.998,0
0.661,0.2025,2.2,0.8952,-0.1599,-0.037,0.999,0
0.6658,0.201,2.25,0.8995,0.1448,-0.0465,0.999,0
0.6684,0.2001,2.05,0.919,0.0788,-0.0263,0.999,0
0.6667,0.2003,2.35,0.934,-0.0527,0.0074,0.999,0
0.6687,0.2016,2.02,0.9285,0.0619,0.0388,0.998,0
0.6715,0.2009,2.28,0.9208,0.0862,-0.0207,0.999,0
0.6694,0.1995,2.06,0.932,-0.0631,-0.0436,0.999,0
0.6741,0.1984,1.95,0.9401,0.1417,-0.0327,0.999,0
0.6698,0.1942,1.82,0.9535,-0.13,-0.1272,0.999,0
0.6696,0.193,1.76,0.9601,-0.0075,-0.0366,0.999,0
0.6678,0.1928,2.37,0.9387,-0.0531,-0.0061,0.999,0
0.6634,0.1946,1.88,0.9272,-0.1325,0.0557,1.0,0
0.6655,0.192,1.85,0.9294,0.0634,-0.08,1.0,0
0.6667,0.1908,1.94,0.913,0.0365,-0.0363,1.0,0
0.668,0.1914,2.03,0.9054,0.0385,0.0169,1.0,0
0.671,0.1907,2.16,0.9135,0.0912,-0.0216,1.0,0
0.6736,0.1896,2.29,0.9287,0.0779,-0.0341,1.0,0
0.6662,0.187,1.97,0.9252,-0.2243,-0.0791,1.0,0
0.6667,0.1853,1.47,0.9218,0.0155,-0.0503,1.0,0
0.6651,0.1826,1.71,0.9009,-0.0491,-0.0805,1.0,0
0.6718,0.1814,1.44,0.9213,0.2016,-0.0371,1.0,0
0.6726,0.1828,1.39,0.9195,0.0232,0.0413,1.0,0
0.6665,0.1846,1.47,0.9005,-0.1854,0.0533,1.0,0
0.6724,0.1817,1.34,0.9268,0.1774,-0.0887,1.0,0
0.6744,0.1782,1.43,0.9499,0.0606,-0.1062,1.0,0
0.6726,0.1759,1.53,0.9601,-0.0555,-0.0684,1.0,0
0.6735,0.1878,1.14,0.922,0.0264,0.3594,1.0,0
0.6777,0.1894,0.94,0.9329,0.1262,0.0489,1.0,0
0.6745,0.1873,1.61,0.9449,-0.0977,-0.0644,0.999,0
0.6707,0.1868,1.27,0.9541,-0.1144,-0.0138,0.999,0
0.6766,0.1853,0.93,0.9567,0.1794,-0.0448,0.999,0
0.6749,0.1808,0.7,0.9606,-0.053,-0.1349,0.999,0
0.6745,0.1816,1.14,0.9716,-0.011,0.0229,0.999,0
0.6814,0.1794,0.86,0.9833,0.2105,-0.0656,1.0,0
0.6867,0.1792,0.63,0.9828,0.1602,-0.0075,1.0,0
0.6833,0.1797,0.99,0.9734,-0.1045,0.0156,0.999,0
0.6878,0.1773,0.87,0.9877,0.1354,-0.0734,1.0,0
0.6741,0.1796,0.72,0.9658,-0.4147,0.0708,0.999,0
0.6767,0.1792,1.16,0.96,0.0781,-0.0123,1.0,0
0.6736,0.1789,0.59,0.96,-0.0942,-0.01,1.0,0
0.6836,0.1719,0.95,0.9804,0.3031,-0.2106,1.0,0
0.6822,0.1639,0.8,1.0003,-0.0425,-0.2413,1.0,0
0.6828,0.1719,0.76,0.9795,0.0181,0.241,1.0,0
0.6801,0.1701,1.01,0.9646,-0.0809,-0.0552,1.0,0
0.6784,0.173,1.24,0.9406,-0.0507,0.0877,1.0,0
0.684,0.1696,0.99,0.9711,0.1687,-0.1021,1.0,0
0.6776,0.1674,1.55,0.9639,-0.1926,-0.0676,0.999,0
0.6773,0.1719,1.22,0.9618,-0.0103,0.1361,1.0,0
0.6778,0.172,1.01,0.9669,0.0154,0.0043,0.999,0
0.6783,0.1689,1.5,0.9793,0.0152,-0.0942,0.999,0
0.6747,0.1713,1.64,0.9417,-0.1086,0.0712,0.999,0
0.6762,0.1717,1.38,0.9518,0.0463,0.0115,0.999,0
0.6779,0.1673,1.73,0.9871,0.0501,-0.1332,0.999,0
0.6868,0.1664,1.45,1.0004,0.2695,-0.0262,0.999,0
0.6826,0.1608,1.4,0.9969,-0.1267,-0.1701,0.999,0
0.688,0.162,1.68,0.9935,0.1628,0.0372,0.999,0
0.6863,0.1625,1.41,1.0081,-0.05,0.0142,0.999,0
0.6838,0.1635,1.32,0.999,-0.0769,0.0312,0.999,0
0.6801,0.1642,1.75,0.9867,-0.1107,0.0214,0.999,0
0.6787,0.1608,1.59,1.0056,-0.0423,-0.1019,0.999,0
0.6839,0.162,1.26,1.0076,0.157,0.0373,0.999,0
0.6793,0.1632,1.43,1.0002,-0.1396,0.0375,0.999,0
0.6836,0.1669,1.42,1.0049,0.1311,0.1128,0.999,0
0.679,0.1663,1.35,0.9931,-0.1398,-0.0195,0.999,0
0.68,0.1653,1.48,0.9892,0.0307,-0.0304,0.999,0
0.6775,0.1552,1.65,1.0143,-0.0744,-0.3072,0.999,0
0.6796,0.1641,1.59,1.0077,0.0642,0.2687,0.999,0
0.6799,0.1608,1.21,1.002,0.0091,-0.0994,0.999,0
0.6832,0.1627,1.34,1.0073,0.0989,0.0575,0.998,0
0.6808,0.1646,1.46,0.9869,-0.0714,0.0563,0.999,0
0.6802,0.162,1.27,0.9989,-0.0168,-0.0796,0.999,0
0.6894,0.161,1.43,1.0286,0.28,-0.0303,0.998,0
0.681,0.1628,1.22,1.0017,-0.2548,0.0553,0.999,0
0.6829,0.1601,1.11,0.9952,0.0571,-0.0819,0.998,0
0.6742,0.166,0.89,0.9782,-0.2634,0.1797,0.998,0
0.6886,0.1627,1.21,1.0088,0.436,-0.1003,0.999,0
0.685,0.1622,1.36,1.0054,-0.1101,-0.0148,0.999,0
0.6873,0.1625,1.12,1.0026,0.0709,0.0081,0.999,0
0.6885,0.1616,1.3,0.9895,0.0378,-0.0258,0.999,0
0.6866,0.1626,1.07,0.9908,-0.0565,0.0306,0.999,0
0.6846,0.1583,1.15,1.012,-0.0597,-0.1305,0.999,0
0.6901,0.1589,1.2,1.0196,0.1676,0.0179,0.999,0
0.6893,0.1636,1.35,0.9796,-0.0245,0.1439,0.999,0
0.683,0.1606,1.25,0.9845,-0.1919,-0.0895,0.999,0
0.6872,0.1657,1.24,0.9724,0.1285,0.154,0.998,0
0.6918,0.1598,1.3,1.0161,0.1406,-0.18,0.999,0
0.6879,0.1632,1.0,0.9914,-0.1192,0.1025,0.999,0
0.6915,0.1652,1.14,0.9938,0.108,0.0595,0.999,0
0.6918,0.164,1.15,0.9966,0.0096,-0.0353,0.999,0
0.6921,0.1616,1.47,0.9988,0.0095,-0.0737,0.999,0
0.6806,0.1645,1.01,0.9836,-0.3494,0.0868,0.999,0
0.6832,0.1667,1.06,0.9849,0.0792,0.0672,0.999,0
0.6887,0.162,1.07,0.9983,0.1682,-0.1412,0.999,0
0.6873,0.159,1.14,0.9692,-0.0418,-0.09,0.999,0
0.6862,0.1643,1.57,0.9962,-0.033,0.1596,0.999,0
0.6936,0.1637,1.59,1.0064,0.2231,-0.0187,0.999,0
0.6882,0.1607,1.54,1.0117,-0.1626,-0.0922,0.999,0
0.6907,0.1652,1.53,0.9977,0.0766,0.1349,0.999,0
0.6951,0.1599,1.69,1.0307,0.1326,-0.1619,0.999,0
0.6929,0.1583,1.44,1.0179,-0.0669,-0.0486,0.999,0
0.6903,0.1612,1.64,0.986,-0.0774,0.089,0.999,0
0.6926,0.1574,1.83,1.0021,0.0688,-0.1139,0.999,0
0.6907,0.1585,1.66,1.0058,-0.0581,0.0333,0.998,0
0.6914,0.1556,1.61,1.0055,0.0218,-0.0865,0.999,0
0.695,0.1571,1.51,0.9963,0.1083,0.0464,0.999,0
0.6931,0.1579,1.85,1.0009,-0.0566,0.0243,0.999,0
0.6971,0.1608,1.86,1.0097,0.1227,0.089,0.999,0
0.6929,0.1582,1.73,1.0109,-0.1282,-0.0785,0.999,0
0.6937,0.1576,1.65,1.0328,0.0245,-0.0179,0.999,0
0.6958,0.1582,2.15,0.9786,0.0631,0.017,1.0,0
0.6995,0.1596,1.31,1.0287,0.1126,0.0424,0.999,0
0.6908,0.1619,1.42,0.9653,-0.2631,0.07,1.0,0
0.6875,0.1584,1.18,0.9913,-0.1015,-0.107,0.999,0
0.6886,0.1588,1.16,0.9826,0.0331,0.0129,0.999,0
0.6901,0.1611,1.26,0.9424,0.0469,0.0698,1.0,0
0.6935,0.161,0.93,1.0089,0.1016,-0.0038,0.999,0
0.6893,0.1612,1.14,0.9881,-0.1273,0.0075,1.0,0
0.6934,0.1601,1.03,0.9926,0.125,-0.0341,0.999,0
0.6915,0.165,0.93,0.9914,-0.0584,0.1479,0.999,0
0.6919,0.1627,1.15,0.97,0.0113,-0.0684,1.0,0
0.685,0.1653,0.78,0.897,-0.2092,0.0782,1.0,0
0.6862,0.162,0.83,0.9165,0.0371,-0.1012,1.0,0
0.6868,0.1659,0.7,0.9577,0.0176,0.1173,1.0,0
0.691,0.1688,0.8,0.9693,0.1265,0.0875,1.0,0
0.6857,0.1605,0.29,1.0014,-0.1592,-0.2521,0.999,0
0.6788,0.1611,0.2,0.9932,-0.2078,0.0194,0.999,0
0.6819,0.1649,0.17,0.9933,0.0927,0.1146,1.0,0
0.6792,0.1636,0.39,0.9999,-0.0815,-0.0385,1.0,0
0.6779,0.1655,0.54,0.9848,-0.0386,0.0578,0.999,0
0.6798,0.1638,0.34,0.998,0.0571,-0.0518,1.0,0
0.6721,0.1664,0.78,0.9667,-0.2341,0.0798,0.999,0
0.672,0.1669,0.49,0.9504,-0.0039,0.0154,1.0,0
0.6735,0.1626,0.58,0.9944,0.0454,-0.1296,1.0,0
0.67,0.167,0.89,0.989,-0.1049,0.1339,0.999,0
0.6744,0.1593,0.97,1.0055,0.132,-0.2345,1.0,0
0.682,0.1629,0.54,1.0233,0.2299,0.1089,1.0,0
0.6752,0.1597,0.66,1.0062,-0.2053,-0.0975,1.0,0
0.6719,0.162,0.95,0.9894,-0.0995,0.069,1.0,0
0.6764,0.1631,0.78,0.9766,0.1359,0.0346,1.0,0
0.6731,0.1618,0.19,0.9746,-0.1011,-0.0388,1.0,0
0.6728,0.1629,0.16,0.993,-0.0088,0.0347,1.0,0
0.6796,0.1643,0.58,0.9849,0.2053,0.0409,0.999,0
0.6791,0.1708,0.69,0.9814,-0.0163,0.197,0.999,0
0.6832,0.1668,0.78,0.9965,0.1242,-0.1203,0.999,0
0.686,0.1705,0.75,0.9961,0.084,0.1122,0.998,0
0.683,0.163,0.66,0.9988,-0.0901,-0.2258,0.999,0
0.6829,0.1658,0.69,1.0016,-0.0037,0.0835,0.999,0
0.6783,0.166,0.28,1.0036,-0.139,0.0046,0.999,0
0.6863,0.1622,0.79,1.0156,0.2414,-0.1147,0.998,0
0.6745,0.1627,0.23,0.9901,-0.3574,0.0158,0.999,0
0.6768,0.1614,0.42,1.0242,0.0702,-0.039,0.999,0
0.6762,0.1644,0.53,0.9685,-0.0187,0.0923,0.999,0
0.6635,0.163,0.42,0.9349,-0.3857,-0.0415,1.0,0
0.6666,0.1651,0.66,0.9318,0.0927,0.0625,1.0,0
0.6647,0.1645,0.87,0.9235,-0.058,-0.017,0.999,0
0.6714,0.1667,1.45,0.9254,0.2023,0.0657,0.999,0
0.6667,0.1641,1.76,0.9235,-0.1427,-0.0773,1.0,0
0.6714,0.1639,1.24,0.8671,0.1431,-0.0059,1.0,0
0.6636,0.1619,1.4,0.9262,-0.2365,-0.0612,0.999,0
0.669,0.1574,1.79,0.9015,0.1647,-0.1365,1.0,0
0.6632,0.1664,1.97,0.8687,-0.1755,0.2735,1.0,0
0.6635,0.162,1.94,0.879,0.0102,-0.1328,1.0,0
0.6696,0.16,2.22,0.896,0.1861,-0.0606,1.0,0
0.6686,0.1614,2.21,0.9075,-0.0316,0.0427,1.0,0
0.6711,0.1651,2.51,0.8656,0.0758,0.1126,1.0,0
0.6781,0.1643,2.29,0.9465,0.2121,-0.0228,1.0,0
0.6817,0.1625,2.41,0.976,0.1093,-0.0546,1.0,0
0.6736,0.165,2.15,0.9457,-0.2464,0.0769,1.0,0
0.6744,0.1656,2.32,0.9575,0.0257,0.0184,1.0,0
0.6807,0.1662,2.42,0.9408,0.1917,0.0184,1.0,0
0.6744,0.1635,2.41,0.9883,-0.1915,-0.0829,1.0,0
0.6819,0.1663,2.37,0.987,0.2286,0.0843,1.0,0
0.9952,0.9521,94.7,-0.023,-0.1685,-0.5488,0.9,1
0.8017,0.7908,81.55,0.0345,-5.8623,-4.8883,0.993,1
0.8021,0.7869,79.2,0.0352,0.0113,-0.118,0.983,1
0.8031,0.7887,74.44,0.0469,0.0289,0.0558,0.997,1
0.8021,0.788,78.45,0.0228,-0.0303,-0.0214,0.992,1
0.9751,0.9564,96.24,0.0246,5.2418,5.1025,0.68,1
1.0267,0.9615,86.93,0.0516,1.5627,0.156,0.805,1
1.0366,0.9462,83.12,0.0603,0.2994,-0.4641,0.911,1
1.0143,0.9424,89.35,0.0776,-0.6771,-0.1158,0.92,1
1.029,0.9501,83.7,0.0888,0.4455,0.2334,0.91,1
1.0174,0.9375,85.67,0.0432,-0.3502,-0.3821,0.949,1
1.0138,0.943,85.62,0.0165,-0.1089,0.1679,0.947,1
1.0253,0.9452,83.28,0.0532,0.3493,0.0666,0.936,1
1.0339,0.9347,81.89,0.0995,0.2613,-0.3171,0.922,1
1.0365,0.9427,81.77,0.0963,0.0801,0.2438,0.863,1
1.0102,0.9418,86.71,0.0426,-0.7958,-0.0286,0.926,1
1.0187,0.9549,85.33,0.0764,0.2575,0.3968,0.863,1
1.0372,0.9463,82.85,0.1049,0.5607,-0.2618,0.924,1
1.0227,0.9442,85.48,0.0277,-0.4392,-0.0635,0.964,1
1.0267,0.953,86.0,0.0671,0.1207,0.2655,0.879,1
1.02,0.9482,87.38,0.0859,-0.2043,-0.1459,0.896,1
1.0422,0.9498,84.19,0.088,0.6731,0.049,0.875,1
1.0445,0.9496,83.66,0.1006,0.0709,-0.0069,0.92,1
1.0434,0.9574,82.71,0.1035,-0.0323,0.235,0.805,1
1.0487,0.948,82.49,0.0933,0.1608,-0.2858,0.885,1
1.0554,0.941,79.29,0.0986,0.2019,-0.2134,0.877,1
1.0561,0.9563,79.78,0.0882,0.0224,0.463,0.797,1
1.028,0.9405,84.23,0.0896,-0.8501,-0.4788,0.949,1
1.0204,0.9276,83.68,0.0922,-0.2303,-0.3923,0.969,1
1.0452,0.9266,77.18,0.1266,0.7525,-0.0299,0.95,1
1.0305,0.9098,79.17,0.0958,-0.4458,-0.5103,0.966,1
1.0579,0.9169,74.48,0.1397,0.8309,0.2141,0.956,1
1.0592,0.9108,72.52,0.1774,0.0406,-0.1835,0.95,1
1.081,0.916,69.37,0.2205,0.662,0.1578,0.777,1
1.0726,0.8982,66.56,0.1416,-0.2541,-0.5393,0.961,1
1.0751,0.8856,67.19,0.1941,0.0745,-0.3818,0.964,1
1.0779,0.8948,64.83,0.1589,0.0842,0.2778,0.967,1
1.0584,0.8891,64.93,0.2324,-0.5913,-0.1722,0.877,1
1.0883,0.8857,59.67,0.3187,0.9057,-0.1036,0.859,1
1.0795,0.8777,59.88,0.2005,-0.2676,-0.2432,0.92,1
1.1048,0.8733,55.21,0.1955,0.7663,-0.1331,0.931,1
1.1055,0.8717,52.78,0.2362,0.0205,-0.0477,0.952,1
1.0971,0.8567,54.92,0.1509,-0.2537,-0.4543,0.975,1
1.1081,0.8531,54.31,0.1537,0.332,-0.1105,0.975,1
1.1264,0.8547,50.74,0.1839,0.5539,0.0484,0.961,1
1.1037,0.8501,54.31,0.1718,-0.6867,-0.1396,0.954,1
1.1116,0.8493,51.58,0.1978,0.2399,-0.0242,0.948,1
1.1103,0.8538,51.12,0.2145,-0.0402,0.1357,0.974,1
1.1422,0.8492,45.84,0.3623,0.9677,-0.1404,0.944,1
1.1461,0.8473,42.92,0.4404,0.1187,-0.0561,0.938,1
1.1454,0.8438,43.3,0.4187,-0.02,-0.1069,0.943,1
1.1493,0.8416,38.94,0.3755,0.1168,-0.0678,0.962,1
1.1543,0.8496,34.67,0.5379,0.1525,0.2432,0.957,1
1.1836,0.8473,27.76,0.6756,0.8869,-0.071,0.922,1
1.2586,0.8416,17.8,0.877,2.272,-0.1723,0.647,1
1.2582,0.8315,18.49,0.8838,-0.0129,-0.3048,0.668,1
1.2884,0.825,14.8,0.9856,0.9165,-0.1975,0.62,1
1.27,0.8212,14.05,0.9826,-0.5568,-0.1143,0.609,1
1.2569,0.8122,12.35,0.9438,-0.3976,-0.2737,0.619,1
1.2519,0.8162,11.15,0.9609,-0.1513,0.121,0.604,1
1.2675,0.8178,9.36,1.0022,0.4741,0.0485,0.603,1
1.2641,0.8112,5.6,1.0035,-0.1034,-0.2,0.601,1
1.266,0.8062,3.26,1.0217,0.0581,-0.152,0.599,1
1.2537,0.803,1.88,0.9779,-0.3722,-0.0968,0.602,1
1.2427,0.8129,1.2,0.9625,-0.3328,0.2992,0.604,1
1.2724,0.8297,1.81,0.9749,0.9013,0.5096,0.603,1
1.2762,0.8499,2.07,0.9538,0.1152,0.6118,0.602,1
1.265,0.8737,3.79,0.8862,-0.3392,0.7213,0.599,1
1.2551,0.899,6.94,0.5833,-0.3009,0.7658,0.57,1
0.814,0.7934,80.78,0.001,-13.3658,-3.2012,0.998,1
0.81,0.7916,81.52,0.0145,-0.1213,-0.0552,0.995,1
0.8087,0.7899,81.2,0.006,-0.0379,-0.0515,0.996,1
1.061,0.9247,59.33,-0.1583,7.6448,4.0846,0.996,1
1.0751,0.907,36.76,-0.1673,0.4271,-0.5374,0.996,1
1.0775,0.9056,46.01,-0.2294,0.0727,-0.0431,0.993,1
1.0597,0.9059,49.78,-0.2273,-0.5397,0.0103,0.993,1
1.0795,0.9101,46.9,-0.2269,0.5998,0.1273,0.987,1
1.0944,0.9113,40.27,-0.2152,0.45,0.0353,0.982,1
1.0983,0.9248,48.64,-0.2422,0.1186,0.4091,0.995,1
1.084,0.9199,55.22,-0.2222,-0.4345,-0.1498,0.997,1
1.0643,0.9151,58.1,-0.2072,-0.5984,-0.146,0.999,1
1.0803,0.9262,49.26,-0.1883,0.4857,0.3352,0.996,1
1.0709,0.9229,57.78,-0.1913,-0.2844,-0.1002,0.999,1
1.0689,0.9305,59.38,-0.1719,-0.0601,0.2294,0.99,1
1.066,0.9298,58.77,-0.159,-0.0871,-0.0215,0.998,1
1.0623,0.9272,56.99,-0.1239,-0.1133,-0.0778,0.998,1
1.0542,0.9284,62.87,-0.1078,-0.245,0.0354,0.985,1
1.0594,0.9316,65.34,-0.0797,0.1574,0.096,0.967,1
1.0761,0.9381,58.35,-0.0763,0.5054,0.1966,0.986,1
1.0614,0.9385,57.74,-0.024,-0.4468,0.0107,0.997,1
1.0652,0.9454,65.97,0.0045,0.1159,0.21,0.968,1
1.0392,0.9598,68.84,-0.0748,-0.7867,0.4359,0.969,1
1.0476,0.9666,70.62,-0.0521,0.2535,0.2058,0.987,1
1.0506,0.9681,65.61,-0.1132,0.0923,0.0446,0.994,1
1.0726,0.9661,59.88,0.1361,0.666,-0.0604,0.92,1
1.0726,0.9533,62.62,0.0634,0.0007,-0.3872,0.846,1
1.0879,0.9636,54.91,0.1688,0.4637,0.3119,0.948,1
1.1027,0.9619,52.93,0.0984,0.4485,-0.0514,0.986,1
1.1378,0.9654,48.63,0.1969,1.0627,0.1069,0.94,1
1.1802,0.9573,37.09,-0.0162,1.2854,-0.2463,0.991,1
1.1239,0.9503,49.45,0.0145,-1.7053,-0.2128,0.987,1
1.0821,0.9611,69.39,0.0485,-1.2678,0.3283,0.971,1
1.0573,0.976,72.05,-0.0718,-0.7504,0.4524,0.981,1
1.0727,0.9573,70.18,0.0353,0.4674,-0.5682,0.966,1
1.0655,0.9609,73.28,0.0299,-0.2178,0.108,0.864,1
1.0444,0.9554,77.68,0.0788,-0.6387,-0.1659,0.972,1
1.0718,0.9459,70.42,0.1516,0.8302,-0.2893,0.737,1
1.1015,0.9508,61.1,0.1982,0.8994,0.1486,0.941,1
1.1147,0.9409,54.01,0.257,0.4,-0.2998,0.912,1
1.1329,0.9401,52.83,0.3442,0.5505,-0.0234,0.765,1
1.1378,0.9315,60.25,0.2776,0.1482,-0.2607,0.698,1
1.1306,0.9418,61.72,0.2479,-0.2191,0.3135,0.527,1
1.1045,0.9295,61.3,0.22,-0.7922,-0.3734,0.632,1
1.2045,0.8922,10.75,0.729,3.0304,-1.1318,0.617,1
1.2243,0.8722,6.67,0.8109,0.6004,-0.6069,0.602,1
1.2065,0.8509,4.27,0.8233,-0.5406,-0.6454,0.602,1
1.1619,0.8298,3.03,0.7636,-1.351,-0.6379,0.603,1
1.1618,0.8269,1.97,0.7862,-0.0024,-0.0875,0.602,1
1.1751,0.8284,1.6,0.7973,0.4038,0.0449,0.603,1
1.213,0.8383,0.71,0.8518,1.1478,0.3002,0.616,1
1.251,0.8446,1.86,0.8161,1.1514,0.1913,0.583,1
1.1536,0.8598,5.05,0.6672,-2.9523,0.4601,0.646,1
1.0541,0.8666,13.86,0.305,-3.0153,0.2074,0.843,1
1.1362,0.8804,11.73,0.4925,2.4879,0.4178,0.636,1
0.9388,0.8999,43.43,-0.1229,-5.983,0.5908,0.997,1
1.0201,0.9128,43.69,-0.1487,2.4626,0.392,0.992,1
0.9776,0.9322,37.69,0.0551,-1.2866,0.5879,0.965,1
0.9057,0.9186,133.38,-0.0084,-2.178,-0.4111,0.988,1
0.8522,0.9673,173.89,-0.2223,-1.6203,1.477,0.98,1
0.869,0.9536,179.16,-0.2015,0.51,-0.4159,1.0,1
0.8706,0.9647,175.63,-0.1412,0.047,0.335,0.995,1
0.8027,0.7857,79.26,0.0334,-2.0583,-5.4249,0.993,1
0.9873,1.0076,108.28,-0.1987,5.5926,6.7251,0.912,1
0.8073,0.7956,74.63,0.0279,-5.4534,-6.4228,1.0,1
0.8052,0.782,80.79,0.0239,-0.0643,-0.4136,0.99,1
0.8075,0.7798,79.95,0.0448,0.0689,-0.068,0.996,1
0.7992,0.7742,82.88,0.0388,-0.2505,-0.17,0.997,1
0.811,0.7813,80.76,0.0157,0.3565,0.2141,0.983,1
0.8105,0.7753,80.33,0.0164,-0.0147,-0.1817,0.993,1
0.8161,0.779,81.3,0.0164,0.1707,0.1123,0.986,1
0.8111,0.7912,81.77,-0.0087,-0.1508,0.37,0.994,1
0.8146,0.7855,82.18,0.0076,0.1072,-0.1726,0.997,1
0.8155,0.7758,84.4,0.0134,0.0284,-0.2944,0.985,1
0.8128,0.7886,85.55,-0.0056,-0.0805,0.3865,0.979,1
0.8215,0.7762,77.11,0.0066,0.2629,-0.3758,0.984,1
0.8111,0.7786,83.46,0.0127,-0.3137,0.074,0.984,1
0.8085,0.7862,84.21,-0.0022,-0.0788,0.2316,0.993,1
0.8113,0.7805,79.72,0.0056,0.0847,-0.173,0.991,1
0.8089,0.7896,82.13,0.0055,-0.0742,0.2764,0.995,1
0.8099,0.7846,81.29,0.0198,0.0305,-0.1502,0.988,1
0.8071,0.7862,82.87,0.0251,-0.0842,0.0499,0.995,1
0.8051,0.7862,86.28,-0.0053,-0.0606,-0.0007,0.997,1
0.8207,0.7892,79.08,0.0119,0.4737,0.0902,0.988,1
0.8115,0.7919,84.27,-0.0072,-0.2774,0.0817,0.996,1
0.814,0.7891,82.29,0.0045,0.0759,-0.0837,0.993,1
0.8053,0.7868,81.16,0.0067,-0.2645,-0.0691,0.997,1
0.8071,0.7764,71.97,0.0416,0.0547,-0.3162,0.995,1
0.8087,0.7846,76.15,0.045,0.0498,0.2482,0.994,1
1.0998,0.919,3.45,0.0147,8.8208,4.073,0.625,1
0.8102,0.8002,74.96,0.0351,-8.776,-3.5999,0.997,1
1.1984,0.8575,1.17,0.7356,11.7649,1.7362,0.716,1
1.1333,0.8441,1.73,0.6646,-1.9734,-0.4071,0.713,1
1.1558,0.84,1.85,0.7224,0.6807,-0.124,0.655,1
1.1778,0.8324,1.08,0.5009,0.6674,-0.231,0.688,1
1.1819,0.8285,0.96,0.7986,0.1255,-0.119,0.644,1
1.1826,0.8465,0.24,0.7114,0.0209,0.5465,0.694,1
1.1697,0.8493,0.49,0.4459,-0.3919,0.0845,0.743,1
1.1817,0.8463,0.67,0.6121,0.3633,-0.0917,0.71,1
1.1698,0.8479,0.36,0.757,-0.3604,0.0491,0.656,1
1.1726,0.845,0.39,0.4352,0.0844,-0.087,0.714,1
1.171,0.8483,0.19,0.7029,-0.0494,0.0986,0.679,1
1.1668,0.8445,0.82,0.6989,-0.1262,-0.1164,0.708,1
1.1758,0.8539,0.84,0.7725,0.2717,0.2851,0.649,1
0.8093,0.8075,67.05,0.0346,0.1315,0.3788,1.0,1
0.8051,0.7976,75.28,0.0284,-0.128,-0.2993,0.997,1
0.8108,0.7926,67.48,0.0408,0.1741,-0.1502,0.999,1
0.8045,0.8034,86.23,0.0032,-0.1906,0.3266,0.994,1
0.8022,0.7926,78.1,0.0158,-0.0696,-0.3279,0.993,1
0.812,0.7894,79.22,0.044,0.2955,-0.0975,0.996,1
0.8041,0.7818,77.69,0.0344,-0.2401,-0.2314,0.994,1
0.8105,0.7847,79.08,0.006,0.1934,0.0887,0.994,1
0.7949,0.7689,80.78,0.0346,-0.4732,-0.4789,0.988,1
0.7982,0.7809,79.44,0.0528,0.0998,0.3641,0.986,1
0.8024,0.787,76.09,0.0243,0.128,0.1843,0.975,1
0.8081,0.7875,77.65,0.0404,0.1724,0.0141,0.995,1
0.8031,0.7745,75.44,0.036,-0.1522,-0.3926,0.992,1
0.8036,0.771,76.67,0.034,0.0144,-0.1065,0.997,1
0.8068,0.7718,76.11,0.0504,0.0968,0.0231,0.993,1
0.8146,0.775,71.35,0.0415,0.236,0.0958,0.992,1
0.8072,0.7739,73.84,0.041,-0.2234,-0.034,0.994,1
0.8003,0.7768,77.45,0.0367,-0.2078,0.0887,0.967,1
0.8155,0.7808,79.8,-0.0042,0.4597,0.1223,0.986,1
0.8151,0.7911,79.63,-0.0129,-0.0119,0.3116,0.986,1
0.8161,0.8023,79.82,-0.0084,0.0291,0.3391,0.992,1
0.8116,0.7987,83.84,-0.0075,-0.1363,-0.1102,0.994,1
0.8076,0.7773,85.74,0.0044,-0.1221,-0.6487,0.965,1
0.8152,0.7852,78.51,0.0063,0.2293,0.2389,0.987,1
0.8139,0.7998,86.62,-0.0154,-0.0392,0.4434,0.997,1
0.8195,0.7955,79.91,-0.005,0.1698,-0.1308,0.984,1
0.8175,0.7995,75.24,-0.0037,-0.0617,0.1215,0.984,1
0.8135,0.7877,66.06,0.0382,-0.1211,-0.3585,0.999,1
0.8121,0.7771,78.43,0.0491,-0.0415,-0.3213,0.998,1
0.8123,0.7806,80.43,0.0274,0.0059,0.1069,0.993,1
0.8062,0.7841,80.09,0.0088,-0.184,0.1056,0.995,1
0.8128,0.7891,84.14,-0.0152,0.1996,0.1527,0.996,1
0.8117,0.7796,81.69,0.013,-0.0346,-0.2881,0.996,1
0.8103,0.785,83.45,0.002,-0.0427,0.1621,0.986,1
0.8214,0.7977,77.13,0.0036,0.3375,0.3863,0.992,1
0.8097,0.7995,80.97,-0.0088,-0.3536,0.0534,0.986,1
1.164,0.9669,47.03,0.0345,10.7355,5.0739,0.998,1
1.1285,0.9608,54.29,-0.0013,-1.0753,-0.1844,0.998,1
0.8074,0.7938,63.04,0.0702,-9.7294,-5.0607,0.999,1
0.8097,0.7778,75.72,0.0403,0.0696,-0.4835,0.998,1
0.8131,0.7807,79.29,0.036,0.1038,0.0871,0.998,1
0.8065,0.7877,82.22,0.0397,-0.2013,0.2122,0.996,1
1.0871,0.9352,65.87,0.1442,8.5028,4.4691,0.972,1
1.2642,0.9125,13.0,0.1966,5.3666,-0.6884,0.92,1
1.2798,0.9008,8.61,0.6274,0.4715,-0.3555,0.569,1
1.3036,0.8978,5.38,0.8883,0.7209,-0.0894,0.599,1
1.3033,0.8947,6.36,0.845,-0.0095,-0.0933,0.602,1
1.2948,0.8995,6.43,0.8458,-0.259,0.1447,0.596,1
1.288,0.9009,5.29,0.8394,-0.2075,0.0436,0.593,1
1.1062,0.8937,42.78,0.0938,-5.5101,-0.2178,0.993,1
0.9807,0.8553,30.63,-0.0286,-3.8024,-1.1644,0.998,1
1.0805,0.8796,15.56,0.359,3.0239,0.735,0.785,1
1.1349,0.8684,2.63,0.5009,1.6496,-0.3381,0.613,1
1.1599,0.8693,3.1,0.6248,0.7581,0.0282,0.606,1
1.0114,0.8304,57.94,-0.0409,-4.5006,-1.1791,0.846,1
0.9863,0.8388,70.39,0.1262,-0.7613,0.2533,0.989,1
1.1005,0.8564,16.64,0.2356,3.4612,0.5326,0.951,1
0.9292,0.8423,78.03,0.0489,-5.1901,-0.4285,0.996,1
0.9698,0.829,80.88,0.0281,1.2294,-0.4036,0.971,1
1.1404,0.8653,11.78,0.5638,5.1702,1.0985,0.638,1
1.0056,0.863,70.99,0.1654,-4.0858,-0.0692,0.953,1
1.0521,0.8709,55.56,0.1063,1.4085,0.2388,0.994,1
1.2051,0.8712,12.29,0.6875,4.6349,0.0099,0.62,1
1.2526,0.8769,5.19,0.8177,1.4401,0.1726,0.599,1
1.2675,0.8832,3.63,0.8536,0.4529,0.1907,0.599,1
1.2788,0.8777,4.78,0.8566,0.3412,-0.1659,0.598,1
1.301,0.8872,2.37,0.8967,0.674,0.2873,0.6,1
1.2963,0.893,0.2,0.8963,-0.1427,0.1756,0.6,1
1.291,0.8918,2.24,0.8822,-0.1596,-0.0358,0.599,1
1.2829,0.8877,4.93,0.8583,-0.2466,-0.1237,0.597,1
0.994,0.8941,82.92,0.098,-8.7557,0.1946,0.764,1
0.9867,0.8772,82.72,0.0884,-0.2211,-0.5131,0.826,1
1.1605,0.8901,9.4,0.5657,5.2677,0.3919,0.622,1
0.8183,0.8586,108.63,-0.0915,-10.3707,-0.9543,0.999,1
1.0025,0.8648,45.18,-0.0881,5.5818,0.1866,0.989,1
1.0972,0.8748,16.82,0.179,2.8686,0.3025,0.973,1
1.2136,0.8572,2.51,0.7665,3.526,-0.5341,0.628,1
1.0844,0.8655,19.3,-0.0012,-3.9158,0.2524,0.992,1
1.2214,0.8551,0.57,0.7892,4.1509,-0.3142,0.708,1
1.1976,0.849,1.56,0.7726,-0.72,-0.185,0.64,1
1.1554,0.8469,2.36,0.683,-1.2779,-0.0644,0.649,1
0.8384,0.8243,73.89,0.0288,-9.6072,-0.6849,0.999,1
0.829,0.8217,95.88,0.0096,-0.284,-0.0794,0.998,1
0.8089,0.823,152.65,-0.072,-0.6081,0.0384,0.998,1
0.7946,0.8399,153.3,-0.0641,-0.4334,0.5123,0.995,1
0.7932,0.8461,142.05,-0.0465,-0.0411,0.1873,0.998,1
0.8587,0.7957,76.48,0.0404,1.9841,-1.5277,0.999,1
1.0204,0.8612,13.23,0.1967,4.8994,1.9835,0.964,1
1.205,0.8669,0.62,0.7268,5.5942,0.174,0.603,1
1.0205,0.857,47.47,0.0963,-5.5909,-0.3007,0.995,1
0.9816,0.8704,57.4,0.208,-1.1797,0.406,0.989,1
0.9239,0.8779,88.99,-0.0044,-1.7485,0.2265,0.827,1
0.9712,0.9073,83.28,-0.0049,1.4328,0.8914,0.926,1
0.9598,0.943,87.29,0.0083,-0.3463,1.0804,0.85,1
0.9612,0.956,87.29,-0.018,0.042,0.3936,0.789,1
0.9307,0.9515,93.39,-0.0919,-0.9231,-0.1355,0.977,1
0.9175,0.9218,83.04,-0.0562,-0.4015,-0.8988,0.994,1
0.8652,0.9301,106.37,-0.1228,-1.5841,0.2517,0.987,1
1.0146,0.9395,70.87,-0.1171,4.5261,0.2856,0.993,1
0.9653,0.932,82.18,-0.1898,-1.495,-0.2279,0.991,1
0.9807,0.948,85.85,-0.2265,0.4654,0.4835,0.984,1
0.8572,0.9671,120.55,-0.1613,-3.7413,0.5778,0.999,1
0.9423,0.9531,103.65,-0.2534,2.5788,-0.425,0.997,1
0.9564,0.9684,99.73,-0.2593,0.4272,0.4624,0.992,1
0.9796,0.9775,101.79,-0.2353,0.7037,0.2746,0.995,1
1.0552,0.9847,78.39,-0.1521,2.2905,0.2193,0.997,1
0.8577,0.9497,109.13,-0.1395,-5.9841,-1.0618,0.963,1
0.9408,0.9194,63.71,0.0047,2.5181,-0.9177,0.996,1
0.9341,0.8938,64.01,0.106,-0.2023,-0.7752,0.999,1
0.9445,0.8987,81.57,0.0214,0.3158,0.1489,0.958,1
0.9793,0.9016,96.92,-0.0535,1.0547,0.0881,0.933,1
0.9968,0.9068,88.65,0.0735,0.5297,0.1579,0.985,1
0.9769,0.893,80.5,0.0388,-0.6023,-0.4193,0.966,1
0.9607,0.883,82.32,0.0242,-0.4918,-0.3041,0.92,1
0.9549,0.8841,76.31,0.0499,-0.1749,0.0343,0.949,1
0.9425,0.9019,83.12,0.0439,-0.3756,0.5394,0.923,1
0.9349,0.8896,86.8,0.0196,-0.2293,-0.3717,0.962,1
0.9363,0.9056,85.55,0.0978,0.0409,0.4863,0.976,1
0.9443,0.8987,87.73,0.0118,0.2427,-0.2104,0.976,1
0.9515,0.9115,84.59,0.0594,0.2188,0.3871,0.984,1
0.9619,0.9214,87.98,0.0871,0.3162,0.3012,0.974,1
1.061,0.8929,64.69,0.0209,3.0028,-0.8622,0.964,1
1.1098,0.9138,54.06,0.0075,1.4778,0.6326,0.988,1
1.0497,0.9436,75.43,0.0897,-1.8208,0.9029,0.665,1
1.0371,0.9573,81.29,0.0828,-0.3812,0.4166,0.759,1
1.0083,0.9757,88.82,0.0516,-0.8738,0.5584,0.564,1
1.0016,0.9827,89.74,0.0431,-0.2043,0.2128,0.575,1
0.8095,0.781,71.01,0.0396,-5.8221,-6.1129,0.996,1
0.8106,0.7926,80.07,0.0304,0.0335,0.3522,0.997,1
0.8056,0.7803,79.07,0.0313,-0.1513,-0.3721,0.995,1
0.8079,0.795,82.8,0.0018,0.0707,0.4455,0.992,1
0.8084,0.7835,81.4,0.0224,0.0151,-0.3483,0.993,1
0.8102,0.7808,81.35,0.022,0.0546,-0.0807,0.996,1
0.8087,0.7831,78.98,0.0272,-0.0457,0.0685,0.995,1
0.8004,0.7925,79.09,0.0347,-0.2508,0.2839,0.997,1
0.8101,0.7786,76.01,0.0362,0.2943,-0.4219,0.988,1
1.099,0.9437,59.04,0.0821,8.7537,5.0034,0.918,1
